name,category,price,image_url
Alf 3.0 Blanco Bagley X73.5 Gr,alfajores,2000,https://upfnswxvjbbhffsildji.supabase.co/storage/v1/object/public/toma-images/comida/alf-30-blanco-bagley-x735-gr.webp
Alf 3.0 Negro Bagley X73.5 Gr,alfajores,2000,https://upfnswxvjbbhffsildji.supabase.co/storage/v1/object/public/toma-images/comida/alf-30-negro-bagley-x735-gr.webp
Alf Triple. Choco/creamy X60 Gr,alfajores,2000,https://upfnswxvjbbhffsildji.supabase.co/storage/v1/object/public/toma-images/comida/alf-triple-chococreamy-x60-gr.webp
Alf. Aguila Minitorta Clasico X69 Gr,alfajores,2000,https://upfnswxvjbbhffsildji.supabase.co/storage/v1/object/public/toma-images/comida/alf-aguila-minitorta-clasico-x69-gr.webp
Alf. B-o-b Negro Triple X73 Gr,alfajores,2000,https://upfnswxvjbbhffsildji.supabase.co/storage/v1/object/public/toma-images/comida/alf-b-o-b-negro-triple-x73-gr.webp
Alf. Cofler Mousse X40gr,alfajores,2000,https://upfnswxvjbbhffsildji.supabase.co/storage/v1/object/public/toma-images/comida/alf-cofler-mousse-x40gr.webp
Alf. Minitorta Aguila Brownie X69 Gr,alfajores,2000,https://upfnswxvjbbhffsildji.supabase.co/storage/v1/object/public/toma-images/comida/alf-minitorta-aguila-brownie-x69-gr.webp
Alf. Minitorta Blanco X69 Gr,alfajores,2000,https://upfnswxvjbbhffsildji.supabase.co/storage/v1/object/public/toma-images/comida/alf-minitorta-blanco-x69-gr.webp
Alf. Minitorta Coco X70.5 Gr,alfajores,2000,https://upfnswxvjbbhffsildji.supabase.co/storage/v1/object/public/toma-images/comida/alf-minitorta-coco-x705-gr.webp
Bon O Bon Mini X6,alfajores,3500,https://upfnswxvjbbhffsildji.supabase.co/storage/v1/object/public/toma-images/comida/bon-o-bon-mini-x6.webp
Chocotorta X71.5 Gr,alfajores,2000,https://upfnswxvjbbhffsildji.supabase.co/storage/v1/object/public/toma-images/comida/chocotorta-x715-gr.webp
Milka Mouse,alfajores,2000,https://upfnswxvjbbhffsildji.supabase.co/storage/v1/object/public/toma-images/comida/milka-mouse.webp
Milka Oreo,alfajores,2000,https://upfnswxvjbbhffsildji.supabase.co/storage/v1/object/public/toma-images/comida/milka-oreo.webp
Oreo Calsico,alfajores,2000,https://upfnswxvjbbhffsildji.supabase.co/storage/v1/object/public/toma-images/comida/oreo-calsico.webp
Pepitos,alfajores,2000,https://upfnswxvjbbhffsildji.supabase.co/storage/v1/object/public/toma-images/comida/pepitos.webp
Shot,alfajores,2000,https://upfnswxvjbbhffsildji.supabase.co/storage/v1/object/public/toma-images/comida/shot.webp
Tatin Blanco X33 Gr,alfajores,500,https://upfnswxvjbbhffsildji.supabase.co/storage/v1/object/public/toma-images/comida/tatin-blanco-x33-gr.webp
Tatin Simple Leche X33gr,alfajores,500,https://upfnswxvjbbhffsildji.supabase.co/storage/v1/object/public/toma-images/comida/tatin-simple-leche-x33gr.webp
Terrabusi Torta,alfajores,2000,https://upfnswxvjbbhffsildji.supabase.co/storage/v1/object/public/toma-images/comida/terrabusi-torta.webp
Terrabusi Triple,alfajores,2000,https://upfnswxvjbbhffsildji.supabase.co/storage/v1/object/public/toma-images/comida/terrabusi-triple.webp
Tofi Triple Blanco X73gr,alfajores,2000,https://upfnswxvjbbhffsildji.supabase.co/storage/v1/object/public/toma-images/comida/tofi-triple-blanco-x73gr.webp
Tofi Triple Negro X73 Gr,alfajores,2000,https://upfnswxvjbbhffsildji.supabase.co/storage/v1/object/public/toma-images/comida/tofi-triple-negro-x73-gr.webp
Triple Tatin Blanco X60gr,alfajores,1000,https://upfnswxvjbbhffsildji.supabase.co/storage/v1/object/public/toma-images/comida/triple-tatin-blanco-x60gr.webp
Triple Tatin Negro X60gr,alfajores,1000,https://upfnswxvjbbhffsildji.supabase.co/storage/v1/object/public/toma-images/comida/triple-tatin-negro-x60gr.webp
Alfjor Cofler Block X 60gr,alfajores,2000,https://upfnswxvjbbhffsildji.supabase.co/storage/v1/object/public/toma-images/comida/alfjor-cofler-block-x-60gr.webp
Gulero,alfajores,2000,https://upfnswxvjbbhffsildji.supabase.co/storage/v1/object/public/toma-images/comida/gulero.webp
Milka Dulde De Leche,alfajores,2000,https://upfnswxvjbbhffsildji.supabase.co/storage/v1/object/public/toma-images/comida/milka-dulde-de-leche.webp
Rasta Blanco,alfajores,2000,https://upfnswxvjbbhffsildji.supabase.co/storage/v1/object/public/toma-images/comida/rasta-blanco.webp
Rasta Negro,alfajores,2000,https://upfnswxvjbbhffsildji.supabase.co/storage/v1/object/public/toma-images/comida/rasta-negro.webp
Rasta Trico,alfajores,2500,https://upfnswxvjbbhffsildji.supabase.co/storage/v1/object/public/toma-images/comida/rasta-trico.webp
Azucar Arcor Tipo A 10 X 1kg,almacen,1000,https://upfnswxvjbbhffsildji.supabase.co/storage/v1/object/public/toma-images/comida/azucar-arcor-tipo-a-10-x-1kg.webp
Batata Estuche X 500gr,almacen,2200,https://upfnswxvjbbhffsildji.supabase.co/storage/v1/object/public/toma-images/comida/batata-estuche-x-500gr.webp
Bolsa De Leña/carbon,almacen,3500,https://upfnswxvjbbhffsildji.supabase.co/storage/v1/object/public/toma-images/comida/bolsa-de-lenacarbon.webp
Choclo Cremoso Arcor X 300gr,almacen,2200,https://upfnswxvjbbhffsildji.supabase.co/storage/v1/object/public/toma-images/comida/choclo-cremoso-arcor-x-300gr.webp
Choclo Entero Arcor X300gr,almacen,2400,https://upfnswxvjbbhffsildji.supabase.co/storage/v1/object/public/toma-images/comida/choclo-entero-arcor-x300gr.webp
Empanada Arabe X6,almacen,9000,https://upfnswxvjbbhffsildji.supabase.co/storage/v1/object/public/toma-images/comida/empanada-arabe-x6.webp
Empanada De Acelga X6,almacen,8500,https://upfnswxvjbbhffsildji.supabase.co/storage/v1/object/public/toma-images/comida/empanada-de-acelga-x6.webp
Empanada De Carne X6,almacen,10000,https://upfnswxvjbbhffsildji.supabase.co/storage/v1/object/public/toma-images/comida/empanada-de-carne-x6.webp
Empanada De Cebolla X6,almacen,8500,https://upfnswxvjbbhffsildji.supabase.co/storage/v1/object/public/toma-images/comida/empanada-de-cebolla-x6.webp
Empanada De Choclo X6,almacen,8500,https://upfnswxvjbbhffsildji.supabase.co/storage/v1/object/public/toma-images/comida/empanada-de-choclo-x6.webp
Empanada De Pollo X6,almacen,11000,https://upfnswxvjbbhffsildji.supabase.co/storage/v1/object/public/toma-images/comida/empanada-de-pollo-x6.webp
Empanada Jamon Y Queso X6,almacen,10000,https://upfnswxvjbbhffsildji.supabase.co/storage/v1/object/public/toma-images/comida/empanada-jamon-y-queso-x6.webp
Ensalada De Frutas,almacen,3000,https://upfnswxvjbbhffsildji.supabase.co/storage/v1/object/public/toma-images/comida/ensalada-de-frutas.webp
Fideos Arcor Spaghetti 500gr,almacen,1800,https://upfnswxvjbbhffsildji.supabase.co/storage/v1/object/public/toma-images/comida/fideos-arcor-spaghetti-500gr.webp
Fideos Codito Arcor X500 Gr,almacen,1600,https://upfnswxvjbbhffsildji.supabase.co/storage/v1/object/public/toma-images/comida/fideos-codito-arcor-x500-gr.webp
Fideos Mostachol Arcor X500gr,almacen,1600,https://upfnswxvjbbhffsildji.supabase.co/storage/v1/object/public/toma-images/comida/fideos-mostachol-arcor-x500gr.webp
Fideos Tallarin Arcor X500 Gr,almacen,1600,https://upfnswxvjbbhffsildji.supabase.co/storage/v1/object/public/toma-images/comida/fideos-tallarin-arcor-x500-gr.webp
Fideos Tirabuzon Arcor X500 Gr,almacen,1600,https://upfnswxvjbbhffsildji.supabase.co/storage/v1/object/public/toma-images/comida/fideos-tirabuzon-arcor-x500-gr.webp
Garbanzos Arcor X 300 Gr,almacen,2000,https://upfnswxvjbbhffsildji.supabase.co/storage/v1/object/public/toma-images/comida/garbanzos-arcor-x-300-gr.webp
Hielo 1.5kg,almacen,2000,https://upfnswxvjbbhffsildji.supabase.co/storage/v1/object/public/toma-images/comida/hielo-15kg.webp
Hielo 15kg,almacen,10000,https://upfnswxvjbbhffsildji.supabase.co/storage/v1/object/public/toma-images/comida/hielo-15kg.webp
Hielo 3kg,almacen,3500,https://upfnswxvjbbhffsildji.supabase.co/storage/v1/object/public/toma-images/comida/hielo-3kg.webp
Jugo En Polvo Arcor 3 Frutas 18 X 15gr,almacen,413,https://upfnswxvjbbhffsildji.supabase.co/storage/v1/object/public/toma-images/comida/jugo-en-polvo-arcor-3-frutas-18-x-15gr.webp
Jugo En Polvo Arcor Anana 18 X 15 Gr,almacen,500,https://upfnswxvjbbhffsildji.supabase.co/storage/v1/object/public/toma-images/comida/jugo-en-polvo-arcor-anana-18-x-15-gr.webp
Jugo En Polvo Arcor Banana/naranja 18 X 15 Gr,almacen,500,https://upfnswxvjbbhffsildji.supabase.co/storage/v1/object/public/toma-images/comida/jugo-en-polvo-arcor-banananaranja-18-x-15-gr.webp
Jugo En Polvo Arcor Durazno 18 X 15 Gr,almacen,500,https://upfnswxvjbbhffsildji.supabase.co/storage/v1/object/public/toma-images/comida/jugo-en-polvo-arcor-durazno-18-x-15-gr.webp
Jugo En Polvo Arcor Limonada 18 X 15gr,almacen,500,https://upfnswxvjbbhffsildji.supabase.co/storage/v1/object/public/toma-images/comida/jugo-en-polvo-arcor-limonada-18-x-15gr.webp
Jugo En Polvo Arcor Manzan,almacen,500,https://upfnswxvjbbhffsildji.supabase.co/storage/v1/object/public/toma-images/comida/jugo-en-polvo-arcor-manzan.webp
Jugo En Polvo Arcor Multifruta 18 X 15 Gr,almacen,500,https://upfnswxvjbbhffsildji.supabase.co/storage/v1/object/public/toma-images/comida/jugo-en-polvo-arcor-multifruta-18-x-15-gr.webp
Jugo En Polvo Arcor Naran 18 X 15 Gr,almacen,500,https://upfnswxvjbbhffsildji.supabase.co/storage/v1/object/public/toma-images/comida/jugo-en-polvo-arcor-naran-18-x-15-gr.webp
Jugo En Polvo Arcor Naranja Dulce 18 X 15 Gr,almacen,500,https://upfnswxvjbbhffsildji.supabase.co/storage/v1/object/public/toma-images/comida/jugo-en-polvo-arcor-naranja-dulce-18-x-15-gr.webp
Jugo En Polvo Arcor Naranja/durazno 18 X 15 Gr,almacen,500,https://upfnswxvjbbhffsildji.supabase.co/storage/v1/object/public/toma-images/comida/jugo-en-polvo-arcor-naranjadurazno-18-x-15-gr.webp
Jugo En Polvo Arcor Naranja/mango 18x15gr,almacen,500,https://upfnswxvjbbhffsildji.supabase.co/storage/v1/object/public/toma-images/comida/jugo-en-polvo-arcor-naranjamango-18x15gr.webp
Jugo En Polvo Arcor Pomelo Rosado 18x15 Gr,almacen,500,https://upfnswxvjbbhffsildji.supabase.co/storage/v1/object/public/toma-images/comida/jugo-en-polvo-arcor-pomelo-rosado-18x15-gr.webp
Lentejas Arcor X 300gr,almacen,1400,https://upfnswxvjbbhffsildji.supabase.co/storage/v1/object/public/toma-images/comida/lentejas-arcor-x-300gr.webp
Leña,almacen,2500,https://upfnswxvjbbhffsildji.supabase.co/storage/v1/object/public/toma-images/comida/lena.webp
Mayonesa Bc X 250 Cc,almacen,1500,https://upfnswxvjbbhffsildji.supabase.co/storage/v1/object/public/toma-images/comida/mayonesa-bc-x-250-cc.webp
Merm Durazno Arcor X454gr,almacen,2800,https://upfnswxvjbbhffsildji.supabase.co/storage/v1/object/public/toma-images/comida/merm-durazno-arcor-x454gr.webp
Merm Light Arcor Durazno +f X390 Gr,almacen,3000,https://upfnswxvjbbhffsildji.supabase.co/storage/v1/object/public/toma-images/comida/merm-light-arcor-durazno-f-x390-gr.webp
Merm Light Arcor Naranja +f X390gr,almacen,3000,https://upfnswxvjbbhffsildji.supabase.co/storage/v1/object/public/toma-images/comida/merm-light-arcor-naranja-f-x390gr.webp
Mermelada Naranja Arcor X454 Gr,almacen,2800,https://upfnswxvjbbhffsildji.supabase.co/storage/v1/object/public/toma-images/comida/mermelada-naranja-arcor-x454-gr.webp
Naipe Cartas Españolas,almacen,2500,https://upfnswxvjbbhffsildji.supabase.co/storage/v1/object/public/toma-images/comida/naipe-cartas-espanolas.webp
Naipes Casino,almacen,3500,https://upfnswxvjbbhffsildji.supabase.co/storage/v1/object/public/toma-images/comida/naipes-casino.webp
Ñoquis Al Uso Nostro,almacen,4100,https://upfnswxvjbbhffsildji.supabase.co/storage/v1/object/public/toma-images/comida/noquis-al-uso-nostro.webp
Pan Arabe,almacen,3900,https://upfnswxvjbbhffsildji.supabase.co/storage/v1/object/public/toma-images/comida/pan-arabe.webp
Pebete Jamon Crudo,almacen,3200,https://upfnswxvjbbhffsildji.supabase.co/storage/v1/object/public/toma-images/comida/pebete-jamon-crudo.webp
Pebeton,almacen,2200,https://upfnswxvjbbhffsildji.supabase.co/storage/v1/object/public/toma-images/comida/pebeton.webp
Pila Enegizer Aaa,almacen,1500,https://upfnswxvjbbhffsildji.supabase.co/storage/v1/object/public/toma-images/comida/pila-enegizer-aaa.webp
Pila Energizer Aa,almacen,1500,https://upfnswxvjbbhffsildji.supabase.co/storage/v1/object/public/toma-images/comida/pila-energizer-aa.webp
Pizza 4 Quesos Al Uso Nostro,almacen,13000,https://upfnswxvjbbhffsildji.supabase.co/storage/v1/object/public/toma-images/comida/pizza-4-quesos-al-uso-nostro.webp
Pizza Cebolla Al Uso Nostro,almacen,12000,https://upfnswxvjbbhffsildji.supabase.co/storage/v1/object/public/toma-images/comida/pizza-cebolla-al-uso-nostro.webp
Pizza Comun Al Uso Nostro,almacen,12000,https://upfnswxvjbbhffsildji.supabase.co/storage/v1/object/public/toma-images/comida/pizza-comun-al-uso-nostro.webp
Pizza Especial Al Uso Nosto,almacen,13000,https://upfnswxvjbbhffsildji.supabase.co/storage/v1/object/public/toma-images/comida/pizza-especial-al-uso-nosto.webp
Pizza Napolitana Al Uso Nostro,almacen,12000,https://upfnswxvjbbhffsildji.supabase.co/storage/v1/object/public/toma-images/comida/pizza-napolitana-al-uso-nostro.webp
Playadito X500gr,almacen,2600,https://upfnswxvjbbhffsildji.supabase.co/storage/v1/object/public/toma-images/comida/playadito-x500gr.webp
Postrecito,almacen,5500,https://upfnswxvjbbhffsildji.supabase.co/storage/v1/object/public/toma-images/comida/postrecito.webp
Prime,almacen,3500,https://upfnswxvjbbhffsildji.supabase.co/storage/v1/object/public/toma-images/comida/prime.webp
Pure De Tomate Arcor X520 Gr,almacen,1500,https://upfnswxvjbbhffsildji.supabase.co/storage/v1/object/public/toma-images/comida/pure-de-tomate-arcor-x520-gr.webp
Salsa Arcor Filetto X340 Gr,almacen,1500,https://upfnswxvjbbhffsildji.supabase.co/storage/v1/object/public/toma-images/comida/salsa-arcor-filetto-x340-gr.webp
Salsa Arcor Pizza X340 Gr,almacen,1500,https://upfnswxvjbbhffsildji.supabase.co/storage/v1/object/public/toma-images/comida/salsa-arcor-pizza-x340-gr.webp
Salsa Arcor Pomarola X340 Gr,almacen,1500,https://upfnswxvjbbhffsildji.supabase.co/storage/v1/object/public/toma-images/comida/salsa-arcor-pomarola-x340-gr.webp
Salsa Arcor Portuguesa X340 Gr,almacen,1500,https://upfnswxvjbbhffsildji.supabase.co/storage/v1/object/public/toma-images/comida/salsa-arcor-portuguesa-x340-gr.webp
Salsa Arcor Tuco X340 Gr,almacen,1800,https://upfnswxvjbbhffsildji.supabase.co/storage/v1/object/public/toma-images/comida/salsa-arcor-tuco-x340-gr.webp
Sandwich Milanesa,almacen,7000,https://upfnswxvjbbhffsildji.supabase.co/storage/v1/object/public/toma-images/comida/sandwich-milanesa.webp
Sandwich Toma Jamon Cocido,almacen,6000,https://upfnswxvjbbhffsildji.supabase.co/storage/v1/object/public/toma-images/comida/sandwich-toma-jamon-cocido.webp
Sandwich Toma Salame,almacen,7000,https://upfnswxvjbbhffsildji.supabase.co/storage/v1/object/public/toma-images/comida/sandwich-toma-salame.webp
Serranas Sandwich Tripack 3 X 112 G,almacen,1800,https://upfnswxvjbbhffsildji.supabase.co/storage/v1/object/public/toma-images/comida/serranas-sandwich-tripack-3-x-112-g.webp
Tallarines Al Uso Nostro,almacen,3500,https://upfnswxvjbbhffsildji.supabase.co/storage/v1/object/public/toma-images/comida/tallarines-al-uso-nostro.webp
Tarta De Acelga,almacen,8500,https://upfnswxvjbbhffsildji.supabase.co/storage/v1/object/public/toma-images/comida/tarta-de-acelga.webp
Tarta De Cebolla 1/2,almacen,8500,https://upfnswxvjbbhffsildji.supabase.co/storage/v1/object/public/toma-images/comida/tarta-de-cebolla-12.webp
Tarta De Choclo 1/2,almacen,8500,https://upfnswxvjbbhffsildji.supabase.co/storage/v1/object/public/toma-images/comida/tarta-de-choclo-12.webp
Tarta De Jamon Y Queso 1/2,almacen,8500,https://upfnswxvjbbhffsildji.supabase.co/storage/v1/object/public/toma-images/comida/tarta-de-jamon-y-queso-12.webp
Tarta De Pollo 1/2,almacen,9500,https://upfnswxvjbbhffsildji.supabase.co/storage/v1/object/public/toma-images/comida/tarta-de-pollo-12.webp
Tiramisu,almacen,5500,https://upfnswxvjbbhffsildji.supabase.co/storage/v1/object/public/toma-images/comida/tiramisu.webp
Tomate Perita Arcor X400 Gr,almacen,1500,https://upfnswxvjbbhffsildji.supabase.co/storage/v1/object/public/toma-images/comida/tomate-perita-arcor-x400-gr.webp
Yerba Rosamonte X500 Gr,almacen,2200,https://upfnswxvjbbhffsildji.supabase.co/storage/v1/object/public/toma-images/comida/yerba-rosamonte-x500-gr.webp
Aguila Taza X100gr,chocolates,3900,https://upfnswxvjbbhffsildji.supabase.co/storage/v1/object/public/toma-images/comida/aguila-taza-x100gr.webp
Barra Cofler Block 45gr,chocolates,1500,https://upfnswxvjbbhffsildji.supabase.co/storage/v1/object/public/toma-images/comida/barra-cofler-block-45gr.webp
Barra Rockelts Chocolate X44 Gr,chocolates,1500,https://upfnswxvjbbhffsildji.supabase.co/storage/v1/object/public/toma-images/comida/barra-rockelts-chocolate-x44-gr.webp
Block X 38gr,chocolates,2200,https://upfnswxvjbbhffsildji.supabase.co/storage/v1/object/public/toma-images/comida/block-x-38gr.webp
Blockazo X 1kg,chocolates,24000,https://upfnswxvjbbhffsildji.supabase.co/storage/v1/object/public/toma-images/comida/blockazo-x-1kg.webp
Bon O Bon Leche X 30u,chocolates,413,https://upfnswxvjbbhffsildji.supabase.co/storage/v1/object/public/toma-images/comida/bon-o-bon-leche-x-30u.webp
Choc Arcor 50% Cacao X80gr,chocolates,2200,https://upfnswxvjbbhffsildji.supabase.co/storage/v1/object/public/toma-images/comida/choc-arcor-50-cacao-x80gr.webp
Choc Arcor Blanco/mani X80 Gr,chocolates,2500,https://upfnswxvjbbhffsildji.supabase.co/storage/v1/object/public/toma-images/comida/choc-arcor-blancomani-x80-gr.webp
Choc Arcor Crispy X80gr,chocolates,2500,https://upfnswxvjbbhffsildji.supabase.co/storage/v1/object/public/toma-images/comida/choc-arcor-crispy-x80gr.webp
Choc Arcor Leche/mani 80gr,chocolates,2500,https://upfnswxvjbbhffsildji.supabase.co/storage/v1/object/public/toma-images/comida/choc-arcor-lechemani-80gr.webp
Choc. Hersheys 73% Cacao X 83gr,chocolates,3800,https://upfnswxvjbbhffsildji.supabase.co/storage/v1/object/public/toma-images/comida/choc-hersheys-73-cacao-x-83gr.webp
Blanco X25 Gr,chocolates,1000,https://upfnswxvjbbhffsildji.supabase.co/storage/v1/object/public/toma-images/comida/blanco-x25-gr.webp
Block X 110gr,chocolates,3000,https://upfnswxvjbbhffsildji.supabase.co/storage/v1/object/public/toma-images/comida/block-x-110gr.webp
C/ Leche X25 Gr,chocolates,1000,https://upfnswxvjbbhffsildji.supabase.co/storage/v1/object/public/toma-images/comida/c-leche-x25-gr.webp
Cofler Block X 170gr,chocolates,5200,https://upfnswxvjbbhffsildji.supabase.co/storage/v1/object/public/toma-images/comida/cofler-block-x-170gr.webp
Tofi Blanco X 27 G,chocolates,1400,https://upfnswxvjbbhffsildji.supabase.co/storage/v1/object/public/toma-images/comida/tofi-blanco-x-27-g.webp
Tofi Leche X 28 Gr,chocolates,1400,https://upfnswxvjbbhffsildji.supabase.co/storage/v1/object/public/toma-images/comida/tofi-leche-x-28-gr.webp
Clfler Block Miti Miti X 170 Gr,chocolates,6800,https://upfnswxvjbbhffsildji.supabase.co/storage/v1/object/public/toma-images/comida/clfler-block-miti-miti-x-170-gr.webp
Cofler Aireado Blanco X 55gr,chocolates,2200,https://upfnswxvjbbhffsildji.supabase.co/storage/v1/object/public/toma-images/comida/cofler-aireado-blanco-x-55gr.webp
Cofler Aireado Blanco/leche X 55 Gr,chocolates,2200,https://upfnswxvjbbhffsildji.supabase.co/storage/v1/object/public/toma-images/comida/cofler-aireado-blancoleche-x-55-gr.webp
Cofler Blancoycookis X55 Gr,chocolates,2200,https://upfnswxvjbbhffsildji.supabase.co/storage/v1/object/public/toma-images/comida/cofler-blancoycookis-x55-gr.webp
Cofler Block X 300gr,chocolates,11200,https://upfnswxvjbbhffsildji.supabase.co/storage/v1/object/public/toma-images/comida/cofler-block-x-300gr.webp
Cofler Graffiti Leche X45 Gr,chocolates,1800,https://upfnswxvjbbhffsildji.supabase.co/storage/v1/object/public/toma-images/comida/cofler-graffiti-leche-x45-gr.webp
Cofler Leche/almendras X 55gr,chocolates,2200,https://upfnswxvjbbhffsildji.supabase.co/storage/v1/object/public/toma-images/comida/cofler-lechealmendras-x-55gr.webp
Cofler Relleno Avellana X35gr,chocolates,1600,https://upfnswxvjbbhffsildji.supabase.co/storage/v1/object/public/toma-images/comida/cofler-relleno-avellana-x35gr.webp
Cofler Relleno Ddl/leche X38gr,chocolates,2000,https://upfnswxvjbbhffsildji.supabase.co/storage/v1/object/public/toma-images/comida/cofler-relleno-ddlleche-x38gr.webp
Cofler Yogur/frutilla X35 Gr,chocolates,1600,https://upfnswxvjbbhffsildji.supabase.co/storage/v1/object/public/toma-images/comida/cofler-yogurfrutilla-x35-gr.webp
Coflre Aireado Almendras X 55 Gr,chocolates,2400,https://upfnswxvjbbhffsildji.supabase.co/storage/v1/object/public/toma-images/comida/coflre-aireado-almendras-x-55-gr.webp
Coflre Aireado Bon O Bon X67 Gr,chocolates,2500,https://upfnswxvjbbhffsildji.supabase.co/storage/v1/object/public/toma-images/comida/coflre-aireado-bon-o-bon-x67-gr.webp
Coflre Aireado Leche X 55 Gr,chocolates,2400,https://upfnswxvjbbhffsildji.supabase.co/storage/v1/object/public/toma-images/comida/coflre-aireado-leche-x-55-gr.webp
Coflre Leche C/ Rocklets,chocolates,2200,https://upfnswxvjbbhffsildji.supabase.co/storage/v1/object/public/toma-images/comida/coflre-leche-c-rocklets.webp
Coflre Leche X 55gr,chocolates,2200,https://upfnswxvjbbhffsildji.supabase.co/storage/v1/object/public/toma-images/comida/coflre-leche-x-55gr.webp
Coflre Leche/frutilla X 64 Gr,chocolates,2200,https://upfnswxvjbbhffsildji.supabase.co/storage/v1/object/public/toma-images/comida/coflre-lechefrutilla-x-64-gr.webp
Cubanito Avellanas 16 X 29gr,chocolates,1000,https://upfnswxvjbbhffsildji.supabase.co/storage/v1/object/public/toma-images/comida/cubanito-avellanas-16-x-29gr.webp
Cubanito Dark 16x29,chocolates,1000,https://upfnswxvjbbhffsildji.supabase.co/storage/v1/object/public/toma-images/comida/cubanito-dark-16x29.webp
Cubanitos Leche 16 X 29 Gr,chocolates,1000,https://upfnswxvjbbhffsildji.supabase.co/storage/v1/object/public/toma-images/comida/cubanitos-leche-16-x-29-gr.webp
Mani C/ Chocolate Block X40gr,chocolates,2000,https://upfnswxvjbbhffsildji.supabase.co/storage/v1/object/public/toma-images/comida/mani-c-chocolate-block-x40gr.webp
Oblea Blanca Bon O Bon 20x30 Gr,chocolates,800,https://upfnswxvjbbhffsildji.supabase.co/storage/v1/object/public/toma-images/comida/oblea-blanca-bon-o-bon-20x30-gr.webp
Oblea Bon O Bon Leche 20 X 30gr,chocolates,800,https://upfnswxvjbbhffsildji.supabase.co/storage/v1/object/public/toma-images/comida/oblea-bon-o-bon-leche-20-x-30gr.webp
Rocklets 18x40gr,chocolates,1000,https://upfnswxvjbbhffsildji.supabase.co/storage/v1/object/public/toma-images/comida/rocklets-18x40gr.webp
Rocklets X 20 Gr,chocolates,600,https://upfnswxvjbbhffsildji.supabase.co/storage/v1/object/public/toma-images/comida/rocklets-x-20-gr.webp
Amor X110 Gr,galletas,1500,https://upfnswxvjbbhffsildji.supabase.co/storage/v1/object/public/toma-images/comida/amor-x110-gr.webp
Chocolina 250gr,galletas,2200,https://upfnswxvjbbhffsildji.supabase.co/storage/v1/object/public/toma-images/comida/chocolina-250gr.webp
Chocolina X170gr,galletas,1500,https://upfnswxvjbbhffsildji.supabase.co/storage/v1/object/public/toma-images/comida/chocolina-x170gr.webp
Cofler Choco Cookies Bañada X 132.8 Gr,galletas,2200,https://upfnswxvjbbhffsildji.supabase.co/storage/v1/object/public/toma-images/comida/cofler-choco-cookies-banada-x-1328-gr.webp
Coquitas X177 Gr,galletas,1800,https://upfnswxvjbbhffsildji.supabase.co/storage/v1/object/public/toma-images/comida/coquitas-x177-gr.webp
Criollitas Original X 100gr,galletas,1000,https://upfnswxvjbbhffsildji.supabase.co/storage/v1/object/public/toma-images/comida/criollitas-original-x-100gr.webp
Formis Nueva Cho/ddl X 102 Gr,galletas,1500,https://upfnswxvjbbhffsildji.supabase.co/storage/v1/object/public/toma-images/comida/formis-nueva-choddl-x-102-gr.webp
Formis Nueva Cho/ddl X72gr,galletas,1000,https://upfnswxvjbbhffsildji.supabase.co/storage/v1/object/public/toma-images/comida/formis-nueva-choddl-x72gr.webp
Formis Nueva Vai/choc X72gr,galletas,1000,https://upfnswxvjbbhffsildji.supabase.co/storage/v1/object/public/toma-images/comida/formis-nueva-vaichoc-x72gr.webp
Formis Nueva Vai/fru X72gr,galletas,1000,https://upfnswxvjbbhffsildji.supabase.co/storage/v1/object/public/toma-images/comida/formis-nueva-vaifru-x72gr.webp
Formis Vai/chocolate X 102gr,galletas,1500,https://upfnswxvjbbhffsildji.supabase.co/storage/v1/object/public/toma-images/comida/formis-vaichocolate-x-102gr.webp
Formis Vai/frutilla X 102gr,galletas,1500,https://upfnswxvjbbhffsildji.supabase.co/storage/v1/object/public/toma-images/comida/formis-vaifrutilla-x-102gr.webp
Cereal Mix C/ Cacao 150gr,galletas,2500,https://upfnswxvjbbhffsildji.supabase.co/storage/v1/object/public/toma-images/comida/cereal-mix-c-cacao-150gr.webp
Cereal Mix Frutilla 150gr,galletas,2500,https://upfnswxvjbbhffsildji.supabase.co/storage/v1/object/public/toma-images/comida/cereal-mix-frutilla-150gr.webp
Rumba X110 Gr,galletas,1200,https://upfnswxvjbbhffsildji.supabase.co/storage/v1/object/public/toma-images/comida/rumba-x110-gr.webp
Cereal Mix Ave/choc X270 Gr,galletas,2500,https://upfnswxvjbbhffsildji.supabase.co/storage/v1/object/public/toma-images/comida/cereal-mix-avechoc-x270-gr.webp
Cereal Mix Avena/pasas X207gr,galletas,2500,https://upfnswxvjbbhffsildji.supabase.co/storage/v1/object/public/toma-images/comida/cereal-mix-avenapasas-x207gr.webp
Cereal Mix Fru/chia X207gr,galletas,2500,https://upfnswxvjbbhffsildji.supabase.co/storage/v1/object/public/toma-images/comida/cereal-mix-fruchia-x207gr.webp
Cereal Mix Sem/chips X207 Gr,galletas,2500,https://upfnswxvjbbhffsildji.supabase.co/storage/v1/object/public/toma-images/comida/cereal-mix-semchips-x207-gr.webp
Cofler X 120gr,galletas,1500,https://upfnswxvjbbhffsildji.supabase.co/storage/v1/object/public/toma-images/comida/cofler-x-120gr.webp
Galletitas Block X 124gr,galletas,1500,https://upfnswxvjbbhffsildji.supabase.co/storage/v1/object/public/toma-images/comida/galletitas-block-x-124gr.webp
Galletitas Rocklets X 118 Gr,galletas,1500,https://upfnswxvjbbhffsildji.supabase.co/storage/v1/object/public/toma-images/comida/galletitas-rocklets-x-118-gr.webp
Hogareña 7 Semillas X 189gr,galletas,1400,https://upfnswxvjbbhffsildji.supabase.co/storage/v1/object/public/toma-images/comida/hogarena-7-semillas-x-189gr.webp
Hogareña Mix Cereales X189 Gr,galletas,1400,https://upfnswxvjbbhffsildji.supabase.co/storage/v1/object/public/toma-images/comida/hogarena-mix-cereales-x189-gr.webp
Hogareña Salvado X 200gr,galletas,1400,https://upfnswxvjbbhffsildji.supabase.co/storage/v1/object/public/toma-images/comida/hogarena-salvado-x-200gr.webp
Hogareña Sesamo X167gr,galletas,1400,https://upfnswxvjbbhffsildji.supabase.co/storage/v1/object/public/toma-images/comida/hogarena-sesamo-x167gr.webp
Kesitas Grande X 75gr,galletas,1600,https://upfnswxvjbbhffsildji.supabase.co/storage/v1/object/public/toma-images/comida/kesitas-grande-x-75gr.webp
Mana Rellena Chocolate X145 Gr,galletas,1500,https://upfnswxvjbbhffsildji.supabase.co/storage/v1/object/public/toma-images/comida/mana-rellena-chocolate-x145-gr.webp
Mana Rellena Frutilla X 145 Gr,galletas,1500,https://upfnswxvjbbhffsildji.supabase.co/storage/v1/object/public/toma-images/comida/mana-rellena-frutilla-x-145-gr.webp
Mana Rellena Limon X152gr,galletas,1500,https://upfnswxvjbbhffsildji.supabase.co/storage/v1/object/public/toma-images/comida/mana-rellena-limon-x152gr.webp
Mana Rellena Vainilla X 145 Gr,galletas,1500,https://upfnswxvjbbhffsildji.supabase.co/storage/v1/object/public/toma-images/comida/mana-rellena-vainilla-x-145-gr.webp
Mana Vainilla X 136gr,galletas,1000,https://upfnswxvjbbhffsildji.supabase.co/storage/v1/object/public/toma-images/comida/mana-vainilla-x-136gr.webp
Mellizas X 110 Gr,galletas,1200,https://upfnswxvjbbhffsildji.supabase.co/storage/v1/object/public/toma-images/comida/mellizas-x-110-gr.webp
Merengadas X 88gr,galletas,1200,https://upfnswxvjbbhffsildji.supabase.co/storage/v1/object/public/toma-images/comida/merengadas-x-88gr.webp
Opera Simple X92 Gr,galletas,1400,https://upfnswxvjbbhffsildji.supabase.co/storage/v1/object/public/toma-images/comida/opera-simple-x92-gr.webp
Opera X55gr,galletas,800,https://upfnswxvjbbhffsildji.supabase.co/storage/v1/object/public/toma-images/comida/opera-x55gr.webp
Oreo 118gr,galletas,2000,https://upfnswxvjbbhffsildji.supabase.co/storage/v1/object/public/toma-images/comida/oreo-118gr.webp
Oreo Golden,galletas,2000,https://upfnswxvjbbhffsildji.supabase.co/storage/v1/object/public/toma-images/comida/oreo-golden.webp
Pepas Arcor,galletas,1500,https://upfnswxvjbbhffsildji.supabase.co/storage/v1/object/public/toma-images/comida/pepas-arcor.webp
Porteñitas X139 Gr,galletas,1600,https://upfnswxvjbbhffsildji.supabase.co/storage/v1/object/public/toma-images/comida/portenitas-x139-gr.webp
Rex X75gr,galletas,1600,https://upfnswxvjbbhffsildji.supabase.co/storage/v1/object/public/toma-images/comida/rex-x75gr.webp
Salvado Bagley X169 Gr,galletas,1600,https://upfnswxvjbbhffsildji.supabase.co/storage/v1/object/public/toma-images/comida/salvado-bagley-x169-gr.webp
Sonrisas Frambuesa X108 Gr,galletas,1200,https://upfnswxvjbbhffsildji.supabase.co/storage/v1/object/public/toma-images/comida/sonrisas-frambuesa-x108-gr.webp
Surtido Bagley X 400gr,galletas,2600,https://upfnswxvjbbhffsildji.supabase.co/storage/v1/object/public/toma-images/comida/surtido-bagley-x-400gr.webp
Surtido Diversion X 400 Gr,galletas,2300,https://upfnswxvjbbhffsildji.supabase.co/storage/v1/object/public/toma-images/comida/surtido-diversion-x-400-gr.webp
Traviata Tripack X324 Gr,galletas,1800,https://upfnswxvjbbhffsildji.supabase.co/storage/v1/object/public/toma-images/comida/traviata-tripack-x324-gr.webp
Barra Cereal Mix Frut/choc X26gr,golosinas,1500,https://upfnswxvjbbhffsildji.supabase.co/storage/v1/object/public/toma-images/comida/barra-cereal-mix-frutchoc-x26gr.webp
Barra Cereal Mix Pasion Choc X 26gr,golosinas,1500,https://upfnswxvjbbhffsildji.supabase.co/storage/v1/object/public/toma-images/comida/barra-cereal-mix-pasion-choc-x-26gr.webp
Beldent Azul,golosinas,1000,https://upfnswxvjbbhffsildji.supabase.co/storage/v1/object/public/toma-images/comida/beldent-azul.webp
Beldent Negro,golosinas,1000,https://upfnswxvjbbhffsildji.supabase.co/storage/v1/object/public/toma-images/comida/beldent-negro.webp
Beldent Verde,golosinas,1000,https://upfnswxvjbbhffsildji.supabase.co/storage/v1/object/public/toma-images/comida/beldent-verde.webp
Bolsa De Gomitas,golosinas,2000,https://upfnswxvjbbhffsildji.supabase.co/storage/v1/object/public/toma-images/comida/bolsa-de-gomitas.webp
Bolsita Butter Toffees Surtidos,golosinas,1200,https://upfnswxvjbbhffsildji.supabase.co/storage/v1/object/public/toma-images/comida/bolsita-butter-toffees-surtidos.webp
Bolsita Rellenos Miel,golosinas,1000,https://upfnswxvjbbhffsildji.supabase.co/storage/v1/object/public/toma-images/comida/bolsita-rellenos-miel.webp
Butter Toffees Leche X825 Gr,golosinas,6797,https://upfnswxvjbbhffsildji.supabase.co/storage/v1/object/public/toma-images/comida/butter-toffees-leche-x825-gr.webp
Cereal Mix Chocolate X 23 Gr,golosinas,1500,https://upfnswxvjbbhffsildji.supabase.co/storage/v1/object/public/toma-images/comida/cereal-mix-chocolate-x-23-gr.webp
Cereal Mix Manzana Light X 23gr,golosinas,1500,https://upfnswxvjbbhffsildji.supabase.co/storage/v1/object/public/toma-images/comida/cereal-mix-manzana-light-x-23gr.webp
Cereal Mix Original X23g,golosinas,1000,https://upfnswxvjbbhffsildji.supabase.co/storage/v1/object/public/toma-images/comida/cereal-mix-original-x23g.webp
Cereal Mix Yog/ Frutilla Light X 26gr,golosinas,1500,https://upfnswxvjbbhffsildji.supabase.co/storage/v1/object/public/toma-images/comida/cereal-mix-yog-frutilla-light-x-26gr.webp
Cereal Mix Yougurt/frutilla X 26gr,golosinas,1500,https://upfnswxvjbbhffsildji.supabase.co/storage/v1/object/public/toma-images/comida/cereal-mix-yougurtfrutilla-x-26gr.webp
Chupetin Extreme Duo,golosinas,400,https://upfnswxvjbbhffsildji.supabase.co/storage/v1/object/public/toma-images/comida/chupetin-extreme-duo.webp
Colmillos Halloween,golosinas,1200,https://upfnswxvjbbhffsildji.supabase.co/storage/v1/object/public/toma-images/comida/colmillos-halloween.webp
Dientes Mogul 10 X 50gr,golosinas,1000,https://upfnswxvjbbhffsildji.supabase.co/storage/v1/object/public/toma-images/comida/dientes-mogul-10-x-50gr.webp
Filc S Menta 12 X 17gr,golosinas,600,https://upfnswxvjbbhffsildji.supabase.co/storage/v1/object/public/toma-images/comida/filc-s-menta-12-x-17gr.webp
Flic S Tutti Frutti 12 X 17 G,golosinas,800,https://upfnswxvjbbhffsildji.supabase.co/storage/v1/object/public/toma-images/comida/flic-s-tutti-frutti-12-x-17-g.webp
Gajitos X485 Gr,golosinas,6000,https://upfnswxvjbbhffsildji.supabase.co/storage/v1/object/public/toma-images/comida/gajitos-x485-gr.webp
Gomas Mogul Cerebritos,golosinas,1000,https://upfnswxvjbbhffsildji.supabase.co/storage/v1/object/public/toma-images/comida/gomas-mogul-cerebritos.webp
Gomas Mogul Dientes X500 Gr,golosinas,6000,https://upfnswxvjbbhffsildji.supabase.co/storage/v1/object/public/toma-images/comida/gomas-mogul-dientes-x500-gr.webp
Gomas Mogul Moras X500 Gr,golosinas,6000,https://upfnswxvjbbhffsildji.supabase.co/storage/v1/object/public/toma-images/comida/gomas-mogul-moras-x500-gr.webp
Gomas Mogul Ositos 12 X 30gr,golosinas,1000,https://upfnswxvjbbhffsildji.supabase.co/storage/v1/object/public/toma-images/comida/gomas-mogul-ositos-12-x-30gr.webp
Gomas Mogul Tiburon 12 X 30 Gr,golosinas,1000,https://upfnswxvjbbhffsildji.supabase.co/storage/v1/object/public/toma-images/comida/gomas-mogul-tiburon-12-x-30-gr.webp
Gomas Mogul Viboritas 12u,golosinas,1000,https://upfnswxvjbbhffsildji.supabase.co/storage/v1/object/public/toma-images/comida/gomas-mogul-viboritas-12u.webp
Gusanitos Halloween,golosinas,1200,https://upfnswxvjbbhffsildji.supabase.co/storage/v1/object/public/toma-images/comida/gusanitos-halloween.webp
Jelly Beans Halloween,golosinas,1200,https://upfnswxvjbbhffsildji.supabase.co/storage/v1/object/public/toma-images/comida/jelly-beans-halloween.webp
Lengua Max Mogul 24 X 15gr,golosinas,1000,https://upfnswxvjbbhffsildji.supabase.co/storage/v1/object/public/toma-images/comida/lengua-max-mogul-24-x-15gr.webp
Lotza Fizz X48u,golosinas,400,https://upfnswxvjbbhffsildji.supabase.co/storage/v1/object/public/toma-images/comida/lotza-fizz-x48u.webp
Masti Confitados 16 X 30 Gr,golosinas,1200,https://upfnswxvjbbhffsildji.supabase.co/storage/v1/object/public/toma-images/comida/masti-confitados-16-x-30-gr.webp
Masti Confitados Extreme 16 X 30gr,golosinas,1200,https://upfnswxvjbbhffsildji.supabase.co/storage/v1/object/public/toma-images/comida/masti-confitados-extreme-16-x-30gr.webp
Masti Roll Tutti Frutti 24x 13gr,golosinas,500,https://upfnswxvjbbhffsildji.supabase.co/storage/v1/object/public/toma-images/comida/masti-roll-tutti-frutti-24x-13gr.webp
Masticable Fruta Arcor X800 Gr (242 U),golosinas,7000,https://upfnswxvjbbhffsildji.supabase.co/storage/v1/object/public/toma-images/comida/masticable-fruta-arcor-x800-gr-242-u.webp
Melitas X159 Gr,golosinas,1600,https://upfnswxvjbbhffsildji.supabase.co/storage/v1/object/public/toma-images/comida/melitas-x159-gr.webp
Membrillo Estuche X500 Gr,golosinas,2800,https://upfnswxvjbbhffsildji.supabase.co/storage/v1/object/public/toma-images/comida/membrillo-estuche-x500-gr.webp
Menta Chocolate X 715gr,golosinas,8716,https://upfnswxvjbbhffsildji.supabase.co/storage/v1/object/public/toma-images/comida/menta-chocolate-x-715gr.webp
Mentha Cristal X822 Gr,golosinas,7533,https://upfnswxvjbbhffsildji.supabase.co/storage/v1/object/public/toma-images/comida/mentha-cristal-x822-gr.webp
"Mentho Plus Cereza 29,4gr",golosinas,700,https://upfnswxvjbbhffsildji.supabase.co/storage/v1/object/public/toma-images/comida/mentho-plus-cereza-294gr.webp
Mentho Plus Frio Cherry,golosinas,1000,https://upfnswxvjbbhffsildji.supabase.co/storage/v1/object/public/toma-images/comida/mentho-plus-frio-cherry.webp
"Mentho Plus Menta 29,4gr",golosinas,700,https://upfnswxvjbbhffsildji.supabase.co/storage/v1/object/public/toma-images/comida/mentho-plus-menta-294gr.webp
"Mentho Plus Menthol 29,4 Gr",golosinas,700,https://upfnswxvjbbhffsildji.supabase.co/storage/v1/object/public/toma-images/comida/mentho-plus-menthol-294-gr.webp
"Mentho Plus Miel 29,4gr",golosinas,700,https://upfnswxvjbbhffsildji.supabase.co/storage/v1/object/public/toma-images/comida/mentho-plus-miel-294gr.webp
Mentho Plus Mix Berries,golosinas,2000,https://upfnswxvjbbhffsildji.supabase.co/storage/v1/object/public/toma-images/comida/mentho-plus-mix-berries.webp
Mentho Plus S/a Cherry 12 X 27.7 Gr,golosinas,1000,https://upfnswxvjbbhffsildji.supabase.co/storage/v1/object/public/toma-images/comida/mentho-plus-sa-cherry-12-x-277-gr.webp
Mentho Plus S/a Durazno 12,golosinas,1000,https://upfnswxvjbbhffsildji.supabase.co/storage/v1/object/public/toma-images/comida/mentho-plus-sa-durazno-12.webp
Mentho Plus S/a Mentol 12,golosinas,1000,https://upfnswxvjbbhffsildji.supabase.co/storage/v1/object/public/toma-images/comida/mentho-plus-sa-mentol-12.webp
Mentho Plus S/a Strong 12 X 26.6,golosinas,1000,https://upfnswxvjbbhffsildji.supabase.co/storage/v1/object/public/toma-images/comida/mentho-plus-sa-strong-12-x-266.webp
Mentho Plus S/a Strong 26gr,golosinas,1000,https://upfnswxvjbbhffsildji.supabase.co/storage/v1/object/public/toma-images/comida/mentho-plus-sa-strong-26gr.webp
"Mentho Plus Strong 29,4gr",golosinas,700,https://upfnswxvjbbhffsildji.supabase.co/storage/v1/object/public/toma-images/comida/mentho-plus-strong-294gr.webp
Mister Evolution Cherry 24 X 18gr,golosinas,400,https://upfnswxvjbbhffsildji.supabase.co/storage/v1/object/public/toma-images/comida/mister-evolution-cherry-24-x-18gr.webp
Mister Pop Evolution Blueberry 24 X 18gr,golosinas,400,https://upfnswxvjbbhffsildji.supabase.co/storage/v1/object/public/toma-images/comida/mister-pop-evolution-blueberry-24-x-18gr.webp
Mogul Anillos X 1 Kg,golosinas,6631,https://upfnswxvjbbhffsildji.supabase.co/storage/v1/object/public/toma-images/comida/mogul-anillos-x-1-kg.webp
Mogul Bananitas 12 X 30gr,golosinas,1000,https://upfnswxvjbbhffsildji.supabase.co/storage/v1/object/public/toma-images/comida/mogul-bananitas-12-x-30gr.webp
Mogul Extreme Rock 10 X 45gr,golosinas,1200,https://upfnswxvjbbhffsildji.supabase.co/storage/v1/object/public/toma-images/comida/mogul-extreme-rock-10-x-45gr.webp
Mogul Frutal 10 X 50gr,golosinas,1400,https://upfnswxvjbbhffsildji.supabase.co/storage/v1/object/public/toma-images/comida/mogul-frutal-10-x-50gr.webp
Mogul Jelly Beans 10 X 50g,golosinas,1200,https://upfnswxvjbbhffsildji.supabase.co/storage/v1/object/public/toma-images/comida/mogul-jelly-beans-10-x-50g.webp
Mogul Oso Extreme 10 X 50gr,golosinas,1200,https://upfnswxvjbbhffsildji.supabase.co/storage/v1/object/public/toma-images/comida/mogul-oso-extreme-10-x-50gr.webp
Mogul Oso Extreme X80 Gr,golosinas,2420,https://upfnswxvjbbhffsildji.supabase.co/storage/v1/object/public/toma-images/comida/mogul-oso-extreme-x80-gr.webp
Mogul Piecitos 12 X 30 Gr,golosinas,1000,https://upfnswxvjbbhffsildji.supabase.co/storage/v1/object/public/toma-images/comida/mogul-piecitos-12-x-30-gr.webp
Mogul Sandia Extreme,golosinas,1200,https://upfnswxvjbbhffsildji.supabase.co/storage/v1/object/public/toma-images/comida/mogul-sandia-extreme.webp
Mogul Twist Max Blueberry 24 X 25 Gr,golosinas,1000,https://upfnswxvjbbhffsildji.supabase.co/storage/v1/object/public/toma-images/comida/mogul-twist-max-blueberry-24-x-25-gr.webp
Moustrito,golosinas,1000,https://upfnswxvjbbhffsildji.supabase.co/storage/v1/object/public/toma-images/comida/moustrito.webp
Ojitos Halloween,golosinas,1200,https://upfnswxvjbbhffsildji.supabase.co/storage/v1/object/public/toma-images/comida/ojitos-halloween.webp
Rollo Mogul Acido Extreme 12 X 35gr,golosinas,1000,https://upfnswxvjbbhffsildji.supabase.co/storage/v1/object/public/toma-images/comida/rollo-mogul-acido-extreme-12-x-35gr.webp
Rollo Mogul Frutal X30 Gr,golosinas,1000,https://upfnswxvjbbhffsildji.supabase.co/storage/v1/object/public/toma-images/comida/rollo-mogul-frutal-x30-gr.webp
Saquito Fruta X810 Gr,golosinas,5664,https://upfnswxvjbbhffsildji.supabase.co/storage/v1/object/public/toma-images/comida/saquito-fruta-x810-gr.webp
Top Line 7 Strawberry 16 X 14 Gr,golosinas,1000,https://upfnswxvjbbhffsildji.supabase.co/storage/v1/object/public/toma-images/comida/top-line-7-strawberry-16-x-14-gr.webp
Top Line 7 Ultra Beery 12 X 24gr,golosinas,2500,https://upfnswxvjbbhffsildji.supabase.co/storage/v1/object/public/toma-images/comida/top-line-7-ultra-beery-12-x-24gr.webp
Top Line 7 Ultra Citrus Blueberry 24gr,golosinas,2500,https://upfnswxvjbbhffsildji.supabase.co/storage/v1/object/public/toma-images/comida/top-line-7-ultra-citrus-blueberry-24gr.webp
Top Line 7 Ultra Clean 12 X 25gr,golosinas,2500,https://upfnswxvjbbhffsildji.supabase.co/storage/v1/object/public/toma-images/comida/top-line-7-ultra-clean-12-x-25gr.webp
Top Line 7 Violet Cherry 16 X 14 Gr,golosinas,1000,https://upfnswxvjbbhffsildji.supabase.co/storage/v1/object/public/toma-images/comida/top-line-7-violet-cherry-16-x-14-gr.webp
Top Line Bubble Fun 16x14gr,golosinas,1000,https://upfnswxvjbbhffsildji.supabase.co/storage/v1/object/public/toma-images/comida/top-line-bubble-fun-16x14gr.webp
Top Line Defense 20 X 6.7gr,golosinas,700,https://upfnswxvjbbhffsildji.supabase.co/storage/v1/object/public/toma-images/comida/top-line-defense-20-x-67gr.webp
Top Line Fruta 20 X 6.7g,golosinas,700,https://upfnswxvjbbhffsildji.supabase.co/storage/v1/object/public/toma-images/comida/top-line-fruta-20-x-67g.webp
Top Line Menta 16 X 14 Gr,golosinas,1000,https://upfnswxvjbbhffsildji.supabase.co/storage/v1/object/public/toma-images/comida/top-line-menta-16-x-14-gr.webp
Top Line Menta 20 X 6.7 G,golosinas,700,https://upfnswxvjbbhffsildji.supabase.co/storage/v1/object/public/toma-images/comida/top-line-menta-20-x-67-g.webp
Top Line Menthol 16 X 14 Gr,golosinas,1000,https://upfnswxvjbbhffsildji.supabase.co/storage/v1/object/public/toma-images/comida/top-line-menthol-16-x-14-gr.webp
Top Line Sandia 16 X 14 Gr,golosinas,1000,https://upfnswxvjbbhffsildji.supabase.co/storage/v1/object/public/toma-images/comida/top-line-sandia-16-x-14-gr.webp
Top Line Sandia/menta X20 U,golosinas,700,https://upfnswxvjbbhffsildji.supabase.co/storage/v1/object/public/toma-images/comida/top-line-sandiamenta-x20-u.webp
Top Line Strong 16 X 29 Gr,golosinas,1000,https://upfnswxvjbbhffsildji.supabase.co/storage/v1/object/public/toma-images/comida/top-line-strong-16-x-29-gr.webp
Top Line Strong 20 X 6.7 Gr,golosinas,700,https://upfnswxvjbbhffsildji.supabase.co/storage/v1/object/public/toma-images/comida/top-line-strong-20-x-67-gr.webp
Top Line Ultra Gmint 12 X 24 Gr,golosinas,2500,https://upfnswxvjbbhffsildji.supabase.co/storage/v1/object/public/toma-images/comida/top-line-ultra-gmint-12-x-24-gr.webp
3d Mega Tubito 85gr,snacks,3100,https://upfnswxvjbbhffsildji.supabase.co/storage/v1/object/public/toma-images/comida/3d-mega-tubito-85gr.webp
3d Mega Tubito X43 Gr,snacks,2000,https://upfnswxvjbbhffsildji.supabase.co/storage/v1/object/public/toma-images/comida/3d-mega-tubito-x43-gr.webp
Cheetos Chisitos Superqueso X43gr,snacks,2000,https://upfnswxvjbbhffsildji.supabase.co/storage/v1/object/public/toma-images/comida/cheetos-chisitos-superqueso-x43gr.webp
Cheetos Chisitos Superqueso X85gr,snacks,3100,https://upfnswxvjbbhffsildji.supabase.co/storage/v1/object/public/toma-images/comida/cheetos-chisitos-superqueso-x85gr.webp
Chisitos,snacks,1000,https://upfnswxvjbbhffsildji.supabase.co/storage/v1/object/public/toma-images/comida/chisitos.webp
Doritos Sweet Chili X74gr,snacks,3100,https://upfnswxvjbbhffsildji.supabase.co/storage/v1/object/public/toma-images/comida/doritos-sweet-chili-x74gr.webp
Doritos X40gr,snacks,2000,https://upfnswxvjbbhffsildji.supabase.co/storage/v1/object/public/toma-images/comida/doritos-x40gr.webp
Doritos X77gr,snacks,3100,https://upfnswxvjbbhffsildji.supabase.co/storage/v1/object/public/toma-images/comida/doritos-x77gr.webp
Kesitas Estuche X125 Gr,snacks,2000,https://upfnswxvjbbhffsildji.supabase.co/storage/v1/object/public/toma-images/comida/kesitas-estuche-x125-gr.webp
Palitos,snacks,1000,https://upfnswxvjbbhffsildji.supabase.co/storage/v1/object/public/toma-images/comida/palitos.webp
Papas Boutique,snacks,2800,https://upfnswxvjbbhffsildji.supabase.co/storage/v1/object/public/toma-images/comida/papas-boutique.webp
Papas Lays Clasicas X40gr,snacks,2000,https://upfnswxvjbbhffsildji.supabase.co/storage/v1/object/public/toma-images/comida/papas-lays-clasicas-x40gr.webp
Papas Lays Clasicas X85gr,snacks,3100,https://upfnswxvjbbhffsildji.supabase.co/storage/v1/object/public/toma-images/comida/papas-lays-clasicas-x85gr.webp
Papas Lays Queso Y Cebolla X77gr,snacks,3100,https://upfnswxvjbbhffsildji.supabase.co/storage/v1/object/public/toma-images/comida/papas-lays-queso-y-cebolla-x77gr.webp
Papas Lays Serrano X77gr,snacks,3100,https://upfnswxvjbbhffsildji.supabase.co/storage/v1/object/public/toma-images/comida/papas-lays-serrano-x77gr.webp
Papas Tafi,snacks,2600,https://upfnswxvjbbhffsildji.supabase.co/storage/v1/object/public/toma-images/comida/papas-tafi.webp
Pep Rueditas Pizza X40gr,snacks,1400,https://upfnswxvjbbhffsildji.supabase.co/storage/v1/object/public/toma-images/comida/pep-rueditas-pizza-x40gr.webp
Quento Asado,snacks,2500,https://upfnswxvjbbhffsildji.supabase.co/storage/v1/object/public/toma-images/comida/quento-asado.webp
Quento Barbacoa,snacks,2500,https://upfnswxvjbbhffsildji.supabase.co/storage/v1/object/public/toma-images/comida/quento-barbacoa.webp
Quento Jamon Serrano,snacks,2500,https://upfnswxvjbbhffsildji.supabase.co/storage/v1/object/public/toma-images/comida/quento-jamon-serrano.webp
Quento Limon,snacks,2500,https://upfnswxvjbbhffsildji.supabase.co/storage/v1/object/public/toma-images/comida/quento-limon.webp
Quento Nacho,snacks,2500,https://upfnswxvjbbhffsildji.supabase.co/storage/v1/object/public/toma-images/comida/quento-nacho.webp
Quento Onduladas,snacks,2500,https://upfnswxvjbbhffsildji.supabase.co/storage/v1/object/public/toma-images/comida/quento-onduladas.webp
Quento Queso Cheddar,snacks,2500,https://upfnswxvjbbhffsildji.supabase.co/storage/v1/object/public/toma-images/comida/quento-queso-cheddar.webp
Quento Salame,snacks,2500,https://upfnswxvjbbhffsildji.supabase.co/storage/v1/object/public/toma-images/comida/quento-salame.webp
Ramen Arcor Sabor Pollo Picante 70gr,snacks,1000,https://upfnswxvjbbhffsildji.supabase.co/storage/v1/object/public/toma-images/comida/ramen-arcor-sabor-pollo-picante-70gr.webp
Ramen Arcor Sabor Pollo X70gr,snacks,1000,https://upfnswxvjbbhffsildji.supabase.co/storage/v1/object/public/toma-images/comida/ramen-arcor-sabor-pollo-x70gr.webp
Rex Estuche X125 Gr,snacks,2000,https://upfnswxvjbbhffsildji.supabase.co/storage/v1/object/public/toma-images/comida/rex-estuche-x125-gr.webp
Saladix Calabresa 100gr,snacks,1600,https://upfnswxvjbbhffsildji.supabase.co/storage/v1/object/public/toma-images/comida/saladix-calabresa-100gr.webp
Saladix Jamon 100gr,snacks,1600,https://upfnswxvjbbhffsildji.supabase.co/storage/v1/object/public/toma-images/comida/saladix-jamon-100gr.webp
Saladix Papa Crema/cebolla X58gr,snacks,1500,https://upfnswxvjbbhffsildji.supabase.co/storage/v1/object/public/toma-images/comida/saladix-papa-cremacebolla-x58gr.webp
Saladix Papa Crema/cebolla X95gr,snacks,2000,https://upfnswxvjbbhffsildji.supabase.co/storage/v1/object/public/toma-images/comida/saladix-papa-cremacebolla-x95gr.webp
Saladix Picante X 100 Gr,snacks,1600,https://upfnswxvjbbhffsildji.supabase.co/storage/v1/object/public/toma-images/comida/saladix-picante-x-100-gr.webp
Saladix Pizza 100 Gr,snacks,1600,https://upfnswxvjbbhffsildji.supabase.co/storage/v1/object/public/toma-images/comida/saladix-pizza-100-gr.webp
Saladix Snack Cross X67gr,snacks,1200,https://upfnswxvjbbhffsildji.supabase.co/storage/v1/object/public/toma-images/comida/saladix-snack-cross-x67gr.webp
Saladix Snack Original X58gr,snacks,1500,https://upfnswxvjbbhffsildji.supabase.co/storage/v1/object/public/toma-images/comida/saladix-snack-original-x58gr.webp
Saladix Snack Original X95 Gr,snacks,2000,https://upfnswxvjbbhffsildji.supabase.co/storage/v1/object/public/toma-images/comida/saladix-snack-original-x95-gr.webp
Saladix Barbacoa X58gr,snacks,1500,https://upfnswxvjbbhffsildji.supabase.co/storage/v1/object/public/toma-images/comida/saladix-barbacoa-x58gr.webp
Saladix Barbacoa X95gr,snacks,2000,https://upfnswxvjbbhffsildji.supabase.co/storage/v1/object/public/toma-images/comida/saladix-barbacoa-x95gr.webp
Saladix Cheddar X58gr,snacks,1500,https://upfnswxvjbbhffsildji.supabase.co/storage/v1/object/public/toma-images/comida/saladix-cheddar-x58gr.webp
Saladix Cheddar X95gr,snacks,2000,https://upfnswxvjbbhffsildji.supabase.co/storage/v1/object/public/toma-images/comida/saladix-cheddar-x95gr.webp
Tostadas Criollitas Clasicas X195 Gr,snacks,1800,https://upfnswxvjbbhffsildji.supabase.co/storage/v1/object/public/toma-images/comida/tostadas-criollitas-clasicas-x195-gr.webp
Tostadas Criollitas Salvado X195 Gr,snacks,1800,https://upfnswxvjbbhffsildji.supabase.co/storage/v1/object/public/toma-images/comida/tostadas-criollitas-salvado-x195-gr.webp
Twistos Jamon X40gr,snacks,2000,https://upfnswxvjbbhffsildji.supabase.co/storage/v1/object/public/toma-images/comida/twistos-jamon-x40gr.webp
Twistos Jamon X95gr,snacks,2900,https://upfnswxvjbbhffsildji.supabase.co/storage/v1/object/public/toma-images/comida/twistos-jamon-x95gr.webp
Twistos Queso X40gr,snacks,2000,https://upfnswxvjbbhffsildji.supabase.co/storage/v1/object/public/toma-images/comida/twistos-queso-x40gr.webp
Twistos Queso X95gr,snacks,2900,https://upfnswxvjbbhffsildji.supabase.co/storage/v1/object/public/toma-images/comida/twistos-queso-x95gr.webp
Mani Crocante El Nono,snacks,800,https://upfnswxvjbbhffsildji.supabase.co/storage/v1/object/public/toma-images/comida/mani-crocante-el-nono.webp
Mani Pelado El Nono,snacks,800,https://upfnswxvjbbhffsildji.supabase.co/storage/v1/object/public/toma-images/comida/mani-pelado-el-nono.webp
Mani King Frito Con Sal 100 Gr,snacks,1500,https://upfnswxvjbbhffsildji.supabase.co/storage/v1/object/public/toma-images/comida/mani-king-frito-con-sal-100-gr.webp
Mani King Pasta De Mani X485gr,snacks,3500,https://upfnswxvjbbhffsildji.supabase.co/storage/v1/object/public/toma-images/comida/mani-king-pasta-de-mani-x485gr.webp
Mani King Tostado Sin Sal X100gr,snacks,1000,https://upfnswxvjbbhffsildji.supabase.co/storage/v1/object/public/toma-images/comida/mani-king-tostado-sin-sal-x100gr.webp
Maniking Cheff Crema Y Cebolla X80gr,snacks,1500,https://upfnswxvjbbhffsildji.supabase.co/storage/v1/object/public/toma-images/comida/maniking-cheff-crema-y-cebolla-x80gr.webp
Maniking Cheff Limon Y Pimienta X80gr,snacks,1500,https://upfnswxvjbbhffsildji.supabase.co/storage/v1/object/public/toma-images/comida/maniking-cheff-limon-y-pimienta-x80gr.webp
Maniking Cheff Panceta X80 Gr,snacks,1500,https://upfnswxvjbbhffsildji.supabase.co/storage/v1/object/public/toma-images/comida/maniking-cheff-panceta-x80-gr.webp
Maniking Con Sal Doy Pack X350gr,snacks,3500,https://upfnswxvjbbhffsildji.supabase.co/storage/v1/object/public/toma-images/comida/maniking-con-sal-doy-pack-x350gr.webp
Maniking Pasta De Mani X245gr,snacks,2800,https://upfnswxvjbbhffsildji.supabase.co/storage/v1/object/public/toma-images/comida/maniking-pasta-de-mani-x245gr.webp
Maniking Peanut Jamon X80gr,snacks,1500,https://upfnswxvjbbhffsildji.supabase.co/storage/v1/object/public/toma-images/comida/maniking-peanut-jamon-x80gr.webp
Maniking Peanut Pizza X80gr,snacks,1500,https://upfnswxvjbbhffsildji.supabase.co/storage/v1/object/public/toma-images/comida/maniking-peanut-pizza-x80gr.webp
Maniking Peanut Queso X80gr,snacks,1200,https://upfnswxvjbbhffsildji.supabase.co/storage/v1/object/public/toma-images/comida/maniking-peanut-queso-x80gr.webp
Maniking Tost. C/ Cascara X400gr,snacks,3000,https://upfnswxvjbbhffsildji.supabase.co/storage/v1/object/public/toma-images/comida/maniking-tost-c-cascara-x400gr.webp
